name,tempo,beat_strength,energy_mean,energy_std,dynamic_range,chroma_mean,chroma_std,spectral_centroid,spectral_contrast,spectral_rolloff,spectral_flatness,mfcc_0_mean,mfcc_0_std,mfcc_1_mean,mfcc_1_std,mfcc_2_mean,mfcc_2_std,mfcc_3_mean,mfcc_3_std,mfcc_4_mean,mfcc_4_std,mfcc_5_mean,mfcc_5_std,mfcc_6_mean,mfcc_6_std,mfcc_7_mean,mfcc_7_std,mfcc_8_mean,mfcc_8_std,mfcc_9_mean,mfcc_9_std,mfcc_10_mean,mfcc_10_std,mfcc_11_mean,mfcc_11_std,mfcc_12_mean,mfcc_12_std,zcr_mean,label
Everyday Life,123.046875,0.98115724,0.025713097,0.014984966,0.083675906,0.40854073,0.2584336,1537.7311192388997,23.296503280867615,2568.20947038869,0.003998373,-312.5934,90.68539,133.70564,22.720493,-52.719814,15.672466,2.3566208,12.039858,-11.893399,9.503277,-25.68958,8.79932,-27.55424,7.0237823,-14.820281,6.473634,-13.1256895,6.9982495,-8.680209,6.27554,-15.094731,6.2712874,-0.86431146,7.043264,-0.7885053,6.9429812,0.09807159140383127,0
Burden In My Hand,123.046875,1.3362745,0.04183529,0.017011812,0.06882493,0.4595825,0.2652045,2551.8699129715933,22.23450610739363,4825.862485336445,0.06469656,-219.90977,135.57202,76.45497,30.12644,-32.950054,26.76969,2.4046307,13.0501995,-8.6592245,14.738546,2.9997916,11.863566,-4.8530684,14.036801,-6.558852,10.932695,-9.18275,9.610903,-3.6967638,8.544387,-3.8252225,8.088765,-3.495393,8.881334,-9.999342,8.534403,0.14781203137093654,0
Pyramid Song,67.99958881578948,0.9534397,0.12800449,0.06923103,0.30391908,0.28898236,0.2791874,839.8236177410673,23.02705595535252,1375.3750166287732,0.009708311,-217.99496,49.709106,188.06981,25.905552,-4.073614,13.07283,12.914819,7.89643,6.5238843,7.088969,3.2738547,6.2092514,-2.9114995,6.4580016,-7.6495442,5.7493935,-9.178065,5.2372103,-7.5600996,6.4949284,-10.212765,6.0186815,-8.773573,5.335854,-8.033224,5.3234754,0.036183454672987614,0
On The Mend,135.99917763157896,1.2018077,0.22214222,0.058194973,0.41307536,0.31637028,0.25353116,1527.7383587731986,24.206465085505226,3508.387118596411,0.005587733,-99.591675,49.377926,120.25844,28.24558,16.43359,12.685496,30.417068,9.298446,19.493061,8.426458,21.431477,6.6665516,1.3763099,7.7836113,9.662575,6.1318,-2.891592,6.8677173,3.8480055,7.888925,-13.473984,8.385788,1.7240908,5.559725,-0.029373784,6.815355,0.04559118312209752,1
Mica Van Gogh,103.359375,1.2795798,0.15978199,0.05216697,0.2878482,0.5250159,0.24694513,3453.8181045803044,20.013816035508395,6939.616370422552,0.1046998,-47.475166,86.94013,39.646225,21.504967,8.994677,17.772448,35.6559,18.57671,8.06726,11.676922,8.801924,10.784496,1.7358195,9.5268955,12.09749,8.811731,0.4028392,8.581281,3.7998962,7.7671094,-0.05838778,7.1534076,2.3933387,7.2600565,-3.2289379,6.5738826,0.191170801688274,1
Fallin',95.703125,1.1149362,0.08069614,0.0693891,0.34999192,0.35341978,0.3089556,1746.3558462493581,24.13208412018764,3226.1638251620548,0.20959643,-269.9215,146.67952,69.773796,54.80632,-15.516968,29.160494,16.578735,21.972597,0.89380914,13.0222435,-10.794505,26.132044,-2.9586499,12.159608,-7.7698927,11.739649,-8.029661,12.946412,3.5975864,11.018093,-15.395278,15.652665,-2.1109545,8.628671,-4.354525,10.935416,0.08248400614357586,1
Memory,161.4990234375,1.2212322,0.027608912,0.011698711,0.07089504,0.23256603,0.28303087,1834.7866998312456,26.53398175448354,3792.09373639464,0.010774879,-355.23618,78.66095,94.18907,33.812347,16.447254,17.030266,40.991722,22.797132,6.2927704,12.740037,0.6540934,12.614763,8.736552,10.578895,7.7959833,10.969388,-7.704002,11.658363,5.230674,12.40557,-12.200033,9.16397,-2.3264606,7.898326,-5.2012863,8.771672,0.06771274247774768,1
Stupido Hotel,95.703125,1.3599772,0.05945776,0.047080055,0.24197733,0.35107937,0.2944409,2610.5285068080866,25.0389744072481,6353.636580428841,0.024795406,-253.223,79.66916,70.8799,31.888084,46.733463,17.47433,33.723907,16.280195,8.918266,13.28276,15.349614,12.055818,-5.6563835,11.522409,9.620001,12.038625,-9.556092,10.049049,17.472822,12.026297,-3.6534035,8.513494,8.813751,9.350851,0.11542551,8.713865,0.09619216210332818,0
Bella,99.38401442307692,1.5605466,0.20171021,0.07590261,0.41758308,0.5475351,0.2466322,2085.810575567624,22.968900037909684,4785.37939679881,0.017540565,-73.66838,71.22998,101.55578,26.468918,11.326397,21.044579,18.15212,13.42255,-3.6782658,13.359965,12.149606,9.560536,1.4163198,10.868064,3.331848,8.431207,-1.803408,7.821749,-0.31731194,9.009004,-3.0226648,9.670026,3.84327,8.885162,-1.5743253,7.6574116,0.07870058230940402,1
Il mondo è mio,57.421875,1.0128417,0.027435698,0.023913976,0.10270065,0.2984458,0.2877152,1278.8158683258243,24.63813178583112,2344.269157858456,0.01944809,-379.91623,110.635185,132.78442,39.063812,16.192257,19.773054,14.2908325,14.138132,1.7896585,12.307677,-7.2508874,12.438303,-8.952748,8.391726,-4.6090612,12.568491,-10.216179,10.935849,-3.196683,8.276055,-6.8890195,8.281313,-4.578111,9.037281,-5.6878657,8.543516,0.053243442216524765,1
Ridere,117.45383522727273,1.3754178,0.11977667,0.084612824,0.4182678,0.36612472,0.29390725,2058.1892237062643,25.27770288686902,4177.866403680098,0.012846077,-148.8378,86.01198,101.77137,39.956814,-27.286137,24.852905,0.19068639,25.721672,-11.000771,16.802343,-15.723059,18.769987,-17.464672,14.656364,-7.707419,11.482352,-19.503616,11.980386,-9.538502,13.364504,-16.978003,10.049923,-4.752791,11.95978,-4.341047,13.773497,0.09805345092395511,0
Vikings Attack,129.19921875,1.0364745,0.1123436,0.0619381,0.26514497,0.52669376,0.2687685,568.40381509776,22.08610708682104,1031.2604307759289,0.010690119,-290.49603,90.17831,176.1793,48.82,21.523289,20.643349,24.498919,12.420753,16.21911,8.555345,15.383197,6.3107824,9.594371,6.728941,7.5084105,6.606935,11.436808,6.607353,4.849944,8.208187,5.758471,7.018762,2.989772,6.307695,1.0118614,6.74656,0.017701707019156347,0
The Show Must Go On - Remastered 2011,161.4990234375,1.2028059,0.086486146,0.037987456,0.21741234,0.30697957,0.2755005,2149.6439282712854,22.839400366583813,4483.614554862858,0.016142447,-128.68845,57.616776,107.16361,27.075724,-17.584572,19.368269,20.061827,10.127664,-8.78864,10.645472,5.7616067,10.790787,-7.550775,8.838351,1.2972096,6.60794,-10.7042885,7.803532,4.628521,7.8530536,-8.608008,6.7431736,0.07323241,6.247316,-6.437871,6.8984647,0.09568158318014706,1
Ho amato tutto,95.703125,0.82063395,0.031328637,0.02676132,0.16650724,0.29877263,0.29609615,1002.2715871394423,24.92207705068334,1896.8801964916313,0.015839126,-376.75528,106.897575,149.74515,51.823723,32.836796,30.978271,7.3171,14.024507,3.6692429,14.668376,5.439267,9.974374,2.0990906,9.827856,-4.621361,7.837659,-8.122473,7.4837055,-3.4525552,7.369877,-5.87687,7.0151434,-7.501891,6.079339,-8.634181,5.99153,0.0486947168875774,1
Bella,99.38401442307692,1.5605466,0.20171021,0.07590261,0.41758308,0.5475351,0.2466322,2085.810575567624,22.968900037909684,4785.37939679881,0.017540565,-73.66838,71.22998,101.55578,26.468918,11.326397,21.044579,18.15212,13.42255,-3.6782658,13.359965,12.149606,9.560536,1.4163198,10.868064,3.331848,8.431207,-1.803408,7.821749,-0.31731194,9.009004,-3.0226648,9.670026,3.84327,8.885162,-1.5743253,7.6574116,0.07870058230940402,1
Everyday Life,123.046875,0.98115724,0.025713097,0.014984966,0.083675906,0.40854073,0.2584336,1537.7311192388997,23.296503280867615,2568.20947038869,0.003998373,-312.5934,90.68539,133.70564,22.720493,-52.719814,15.672466,2.3566208,12.039858,-11.893399,9.503277,-25.68958,8.79932,-27.55424,7.0237823,-14.820281,6.473634,-13.1256895,6.9982495,-8.680209,6.27554,-15.094731,6.2712874,-0.86431146,7.043264,-0.7885053,6.9429812,0.09807159140383127,0
A Thousand Years,46.98153409090909,0.95619565,0.08459644,0.040311795,0.258835,0.27346313,0.28415313,1128.7129829900541,26.656425558076123,2227.869861709075,0.010260373,-251.13506,76.87233,163.94948,47.457783,-13.17406,17.02934,14.999149,11.779121,9.62854,12.108296,1.8459812,9.623959,-1.0542067,10.523833,2.893665,10.115154,-5.406171,10.261212,-17.316366,9.99561,-7.8282623,8.157063,-5.7730327,7.8804464,-10.2806,8.674274,0.04950347994872291,1
My Heart Is Broken,129.19921875,0.9149852,0.10064956,0.089252666,0.37634382,0.33354598,0.3320666,1511.1875475412535,20.440662495138113,3042.82326713066,0.33417282,-269.20114,195.4485,59.86425,47.655468,-4.136619,17.437658,8.75567,18.047623,-0.18477465,10.783071,-6.287979,17.212154,-1.2466319,11.892533,-2.0381665,11.53384,-5.1681123,12.7199,3.1826682,10.314935,-10.890153,14.046653,-1.1009706,7.708458,-8.521078,12.238225,0.06260544153928019,0
What I've Done,117.45383522727273,1.1599492,0.07665027,0.07744254,0.32951492,0.3298505,0.27749944,2346.381594237464,24.044200233822313,4801.037635448916,0.025345271,-186.0153,129.91298,85.03864,28.961536,-12.099942,23.02589,21.484632,19.550024,-2.7474964,10.049084,3.6831474,11.117038,-7.726409,10.652673,-1.634588,13.799906,-3.3495564,9.798945,2.3099601,8.905328,-1.0093036,7.238579,3.607468,8.240618,0.88598984,10.436028,0.11356620670472137,0
In the End,103.359375,1.287982,0.07996911,0.071259625,0.28193685,0.43162006,0.29326534,1894.454598130875,23.544793284531803,3656.1278918948337,0.021367818,-182.88078,111.532234,112.52616,34.816345,-43.874058,28.15143,26.034134,17.497751,-5.433069,15.187925,-2.2426937,11.590741,-2.2852795,9.385313,-3.8885212,15.038893,-1.4509544,7.989672,-1.3439907,11.309896,-2.9475224,10.226939,0.2893346,8.341194,-7.9766674,7.6710706,0.10183989817143962,1
Numb,112.34714673913044,1.1344082,0.19455956,0.12239849,0.52420133,0.39212912,0.25947642,2256.092892146387,22.58569141776764,4410.18166556816,0.03305424,-98.58925,146.03307,89.161606,41.131645,-10.477447,22.720911,18.035442,17.058653,-0.422066,18.243746,-1.1797479,13.813311,-8.797734,16.608223,5.2412906,7.658159,6.5866036,10.727457,2.221735,10.173323,-2.715879,12.13405,5.100796,9.89898,2.2422907,9.504973,0.10955564894543343,0
Vikings Attack,129.19921875,1.0364745,0.1123436,0.0619381,0.26514497,0.52669376,0.2687685,568.40381509776,22.08610708682104,1031.2604307759289,0.010690119,-290.49603,90.17831,176.1793,48.82,21.523289,20.643349,24.498919,12.420753,16.21911,8.555345,15.383197,6.3107824,9.594371,6.728941,7.5084105,6.606935,11.436808,6.607353,4.849944,8.208187,5.758471,7.018762,2.989772,6.307695,1.0118614,6.74656,0.017701707019156347,0
Let Her Go,143.5546875,1.2922429,0.08643812,0.03464012,0.23032734,0.27232146,0.28293195,1003.7948579787316,28.45007406441715,1888.0719164207624,0.0035401923,-280.7041,69.74899,153.65988,36.469227,8.773913,17.462742,21.317806,13.118013,10.512794,10.781649,1.2518946,8.926559,-9.108878,8.447662,-11.768422,8.250974,-5.6800594,10.214629,-5.493132,8.903789,-18.42035,12.134015,-17.372833,8.437683,-14.178481,8.468252,0.044152416311919504,0
Good Enough,129.19921875,1.0571927,0.104488656,0.058273133,0.2529924,0.2661491,0.2938648,1527.317580484452,25.219607376458125,3110.7728562487905,0.018817268,-246.10239,131.33981,137.0958,57.531147,41.133533,29.004028,12.257098,19.332981,-0.83522093,11.123466,2.228222,14.454655,1.4546536,10.305189,-11.7396965,10.476876,-3.4360816,10.726093,-4.4420114,9.72448,-6.402535,12.13603,-2.774075,9.538774,-5.0621567,8.820843,0.06622560105456657,0
Cold Cold Man,112.34714673913044,1.3505312,0.2393601,0.10505248,0.5155324,0.364575,0.26762116,2184.886366189743,22.613983773751574,4881.345483171682,0.022809029,-73.50871,97.746025,89.4863,22.371914,-3.7453647,24.83825,26.61778,15.5879545,-4.0128946,14.204255,11.002181,14.209607,4.227655,7.8795967,17.032803,6.5592685,8.511028,9.504499,13.656474,7.0739822,1.4970582,6.479738,8.832908,6.0963826,3.0521698,7.3959813,0.07907661934017028,1
Part Of Me,129.19921875,1.7722285,0.17952676,0.12128109,0.40935254,0.642149,0.21972206,2364.7223285179775,23.17603854110955,4704.246554064677,0.02500974,-134.63309,125.308044,87.02836,38.154533,-15.562126,24.283255,21.204454,16.231777,3.5344582,15.028359,5.776042,13.391219,1.776549,11.811523,2.0147512,11.210846,-1.3613386,8.960781,4.340643,11.214281,-4.661141,9.500129,4.4598713,9.554041,-3.639434,9.735612,0.12669802450174147,0
Mica Van Gogh,103.359375,1.2795798,0.15978199,0.05216697,0.2878482,0.5250159,0.24694513,3453.8181045803044,20.013816035508395,6939.616370422552,0.1046998,-47.475166,86.94013,39.646225,21.504967,8.994677,17.772448,35.6559,18.57671,8.06726,11.676922,8.801924,10.784496,1.7358195,9.5268955,12.09749,8.811731,0.4028392,8.581281,3.7998962,7.7671094,-0.05838778,7.1534076,2.3933387,7.2600565,-3.2289379,6.5738826,0.191170801688274,1
Numb,112.34714673913044,1.1344082,0.19455956,0.12239849,0.52420133,0.39212912,0.25947642,2256.092892146387,22.58569141776764,4410.18166556816,0.03305424,-98.58925,146.03307,89.161606,41.131645,-10.477447,22.720911,18.035442,17.058653,-0.422066,18.243746,-1.1797479,13.813311,-8.797734,16.608223,5.2412906,7.658159,6.5866036,10.727457,2.221735,10.173323,-2.715879,12.13405,5.100796,9.89898,2.2422907,9.504973,0.10955564894543343,0
Time,117.45383522727273,0.3729291,0.026852982,0.011819636,0.069809854,0.3803745,0.268976,232.44594483457217,24.51288191903371,348.0145622702206,0.003856946,-555.05023,24.96762,139.53163,26.996504,93.28138,13.765379,50.39601,10.72383,28.097118,7.7450366,22.50112,5.6094623,21.08104,7.4969597,17.203981,8.082963,11.960626,5.9990077,7.84746,5.856316,5.191458,6.1022696,3.4744768,5.15284,2.8890076,5.248978,0.014382377128482973,1
Numb,112.34714673913044,1.1344082,0.19455956,0.12239849,0.52420133,0.39212912,0.25947642,2256.092892146387,22.58569141776764,4410.18166556816,0.03305424,-98.58925,146.03307,89.161606,41.131645,-10.477447,22.720911,18.035442,17.058653,-0.422066,18.243746,-1.1797479,13.813311,-8.797734,16.608223,5.2412906,7.658159,6.5866036,10.727457,2.221735,10.173323,-2.715879,12.13405,5.100796,9.89898,2.2422907,9.504973,0.10955564894543343,0
Everyday Life,123.046875,0.98115724,0.025713097,0.014984966,0.083675906,0.40854073,0.2584336,1537.7311192388997,23.296503280867615,2568.20947038869,0.003998373,-312.5934,90.68539,133.70564,22.720493,-52.719814,15.672466,2.3566208,12.039858,-11.893399,9.503277,-25.68958,8.79932,-27.55424,7.0237823,-14.820281,6.473634,-13.1256895,6.9982495,-8.680209,6.27554,-15.094731,6.2712874,-0.86431146,7.043264,-0.7885053,6.9429812,0.09807159140383127,0
More Than You Know,123.046875,1.410014,0.16966923,0.09304019,0.52848965,0.45225778,0.2815994,2494.545380554126,23.929929384583478,4879.1454964747,0.024531815,-80.89953,70.834236,81.87289,34.43792,-35.33329,39.16485,6.271455,17.311043,2.5171072,19.15387,-4.0596914,9.751659,-19.121185,14.580041,-9.308066,9.930697,-10.082913,12.563231,-3.6453495,11.175499,-10.5771475,10.619877,-2.265046,9.931581,-3.925377,8.288279,0.13887633332527088,1
Ho amato tutto,95.703125,0.82063395,0.031328637,0.02676132,0.16650724,0.29877263,0.29609615,1002.2715871394423,24.92207705068334,1896.8801964916313,0.015839126,-376.75528,106.897575,149.74515,51.823723,32.836796,30.978271,7.3171,14.024507,3.6692429,14.668376,5.439267,9.974374,2.0990906,9.827856,-4.621361,7.837659,-8.122473,7.4837055,-3.4525552,7.369877,-5.87687,7.0151434,-7.501891,6.079339,-8.634181,5.99153,0.0486947168875774,1
My Way,151.99908088235293,1.3808986,0.095673904,0.032676898,0.18069263,0.29565054,0.26656744,1501.2560494192967,23.786701629764185,3312.2216381155667,0.005147745,-213.14177,70.60319,112.44234,25.983881,15.571584,27.654194,54.120453,19.394413,0.5004686,17.85115,21.856153,11.333235,4.645301,11.975279,9.679132,9.98529,-4.913036,9.450862,0.0058833733,11.390298,-1.7020655,8.48789,9.352095,9.126501,-5.2096586,9.225334,0.04907906830495356,1
Devil In a New Dress,80.74951171875,1.4476357,0.24001679,0.0731974,0.45373648,0.35271826,0.2855183,2394.5238093512057,24.929077647767812,5226.8933936907415,0.016831921,-63.53683,63.92901,77.57292,25.307781,-4.716232,19.466545,28.08984,18.190155,17.04125,11.905407,17.334347,10.864539,1.2823611,10.213609,9.037796,8.740166,-0.6153226,8.755985,9.857133,9.265072,5.4095397,8.387713,10.496226,9.739924,3.8384001,11.051712,0.08779878882062693,1
